{
    "WORLD_TO_EM8000": {
        "quat": [
            0.000060198987883,
            0.705931944115000,
            0.708279565403954,
            0.000379322138596
        ],
        "pos": [
            -2.969661622702265,
            1.976311036084776,
            2.662845015592614
        ]
    },
    "WORLD_TO_EM1500": {
        "quat": [
            0.000269356973877,
            -0.708291543794578,
            -0.705919386042796,
            -0.000914792257884
        ],
        "pos": [
            0.391038069269004,
            -1.780959676838664,
            1.689612471594921
        ]
    },
    "EM8000_TO_EM1500": {
        "quat": [
            0.999994233253677,
            -0.000147371685366,
            0.000610386086891,
            0.003337539483092
        ],
        "pos": [
            -3.768845951221771,
            3.347601117953204,
            0.973619107013598
        ]
    },
    "EM8000_TO_COMAU": {
        "quat": [
            0.002461288106714,
            -0.501408337431486,
            -0.865206982556575,
            0.000706081011787
        ],
        "pos": [
            -1.082024099747949,
            1.536041691521612,
            -1.024461448780775
        ]
    },
    "EM8000_TO_MRU1": {
        "quat": [
            1.0,
            0.0,
            0.0,
            0.0
        ],
        "pos": [
            -1.289,
            0.576,
            -0.966
        ]
    },
    "EM1500_TO_MRU2": {
        "quat": [
            1.0,
            0.0,
            0.0,
            0.0
        ],
        "pos": [
            0.513,
            0.000,
            -0.169
        ]
    },
    "EM8000_TO_AT960": {
        "quat": [
            0.000331148110933,
            0.562803097654515,
            -0.826590927941797,
            -0.000038154037197
        ],
        "pos": [
            -1.6263518624264792,
            0.8198065456129641,
            -1.34834236218053
        ]
    },
    "EM1500_TO_TMAC": {},
    "EM1500_TO_ARUCO": {},
    "EM8000_TO_CAMERA": {}
}