{
    "WORLD_TO_EM8000": {
        "quat": [
            6.0198987883E-5,
            0.705931944115,
            0.708279565403954,
            0.000379322138596
        ],
        "pos": [
            -2.9696616227022652,
            1.976311036084776,
            2.6628450155926142
        ],
        "H": [
            [
                -0.0033201733081971163,
                0.99999429549546315,
                0.0006208266554409256,
                -2.9696616227022652
            ],
            [
                0.99999438683469843,
                0.0033198927854635185,
                0.00045233946184574324,
                1.976311036084776
            ],
            [
                0.00045027580353880909,
                0.00062232501604574933,
                -0.9999997049815943,
                2.6628450155926142
            ],
            [
                0,
                0,
                0,
                1
            ]
        ]
    },
    "WORLD_TO_EM1500": {
        "quat": [
            0.000269356973877,
            -0.708291543794578,
            -0.705919386042796,
            -0.000914792257884
        ],
        "pos": [
            0.391038069269004,
            -1.780959676838664,
            1.689612471594921
        ],
        "H": [
            [
                0.0033539671281727079,
                0.99999395628089494,
                0.00091559062192477837,
                0.391038069269004
            ],
            [
                0.9999929706581977,
                -0.00335549571156446,
                0.0016731057118027067,
                -1.780959676838664
            ],
            [
                0.0016761678604271682,
                0.00090997264436600152,
                -0.99999818120389161,
                1.689612471594921
            ],
            [
                0,
                0,
                0,
                1
            ]
        ]
    },
    "EM8000_TO_EM1500": {
        "quat": [
            0.999994233253677,
            -0.000147371685366,
            0.000610386086891,
            0.003337539483092
        ],
        "pos": [
            -3.7688459512217709,
            3.3476011179532041,
            0.973619107013598
        ],
        "H": [
            [
                0.99997697651804751,
                -0.0066752203799496221,
                0.0012197814162613592,
                -3.7688459512217709
            ],
            [
                0.0066748605654442265,
                0.99997767822357031,
                0.0002988160463516084,
                3.3476011179532041
            ],
            [
                -0.0012217488515357546,
                -0.00029066729569189343,
                0.9999992114208226,
                0.973619107013598
            ],
            [
                0,
                0,
                0,
                1
            ]
        ]
    },
    "EM8000_TO_COMAU": {
        "quat": [
            0.002461288106714,
            -0.501408337431486,
            -0.865206982556575,
            0.000706081011787
        ],
        "pos": [
            -1.0820240997479491,
            1.536041691521612,
            -1.0244614487807751
        ],
        "H": [
            [
                -0.49716724243009747,
                0.86764051357801664,
                -0.004967117124448933,
                -1.0820240997479491
            ],
            [
                0.86764746505320345,
                0.49717836120759562,
                0.0012464083117572659,
                1.536041691521612
            ],
            [
                0.0035509774996006884,
                -0.0036900331983521608,
                -0.999986887020921,
                -1.0244614487807751
            ],
            [
                0,
                0,
                0,
                1
            ]
        ]
    },
    "EM8000_TO_MRU1": {
        "quat": [
            1,
            0,
            0,
            0
        ],
        "pos": [
            -1.289,
            0.576,
            -0.966
        ],
        "H": [
            [
                1,
                0,
                0,
                -1.289
            ],
            [
                0,
                1,
                0,
                0.576
            ],
            [
                0,
                0,
                1,
                -0.966
            ],
            [
                0,
                0,
                0,
                1
            ]
        ]
    },
    "EM1500_TO_MRU1": {
        "quat": [
            1,
            0,
            0,
            0
        ],
        "pos": [
            0.513,
            0,
            -0.169
        ],
        "H": [
            [
                1,
                0,
                0,
                0.513
            ],
            [
                0,
                1,
                0,
                0
            ],
            [
                0,
                0,
                1,
                -0.169
            ],
            [
                0,
                0,
                0,
                1
            ]
        ]
    },
    "WORLD_TO_QTM": {
        "quat": [
            0,
            0.7077,
            0.7065,
            0.0004
        ],
        "pos": [
            0.6925,
            -0.7793,
            1.4229
        ],
        "H": [
            [
                0.0016969110534720278,
                0.9999983999707196,
                0.00056617036091760478,
                0.6925
            ],
            [
                0.9999983999707196,
                -0.0016972310593283968,
                0.00056521034334928338,
                -0.7793
            ],
            [
                0.00056617036091760478,
                0.00056521034334928338,
                -0.99999967999414419,
                1.4229
            ],
            [
                0,
                0,
                0,
                1
            ]
        ]
    },
    "EM8000_TO_AT960": {
        "quat": [
            0.0003311431235738945,
            -0.562803092449773,
            0.82659093148766083,
            3.8151870648579587E-5
        ],
        "pos": [
            -1.626351697769902,
            0.81980642340435028,
            -1.348342806270953
        ],
        "H": [
            [
                -0.366505138946408,
                -0.93041589013184711,
                0.00050449582437382939,
                -1.626351697769902
            ],
            [
                -0.93041583959692864,
                0.36650535534681405,
                0.00043580872857654262,
                0.81980642340435028
            ],
            [
                -0.00059038378750888676,
                -0.000309664767386918,
                -0.99999977777733307,
                -1.348342806270953
            ],
            [
                0,
                0,
                0,
                1
            ]
        ]
    },
    "EM1500_TO_TMAC": {
        "quat": [
            0.25326196707703358,
            -0.44194709194439619,
            0.74548010912746476,
            -0.42988434589952951
        ],
        "pos": [
            -0.55549764812983371,
            -0.67518854922316851,
            -0.32856257684959495
        ],